id,type,date,kardus_id,product_name,qty,price,buyer_name,transfer_to,transfer_amount,performed_by,notes
1,MASUK,29 Apr 2026 07:43,1,Atomy HemoHim,4,0.0,,,0.0,Admin,
2,MASUK,29 Apr 2026 07:45,2,Atomy HemoHim,4,0.0,,,0.0,Admin,
3,MASUK,29 Apr 2026 07:50,7,Atomy HemoHim,4,0.0,,,0.0,Admin,
4,MASUK,29 Apr 2026 07:52,9,Atomy HemoHim,4,0.0,,,0.0,Admin,
5,MASUK,29 Apr 2026 07:55,11,Atomy HemoHim,4,0.0,,,0.0,Admin,
6,MASUK,29 Apr 2026 07:56,12,Atomy HemoHim,4,0.0,,,0.0,Admin,
7,MASUK,29 Apr 2026 07:58,13,Atomy HemoHim,4,0.0,,,0.0,Admin,
8,MASUK,29 Apr 2026 08:00,14,Atomy HemoHim,1,0.0,,,0.0,Admin,
9,MASUK,29 Apr 2026 08:05,16,Atomy HemoHim,1,0.0,,,0.0,Admin,
10,MASUK,29 Apr 2026 08:06,17,Atomy HemoHim,4,0.0,,,0.0,Admin,
11,MASUK,29 Apr 2026 08:10,20,Atomy HemoHim,1,0.0,,,0.0,Admin,
12,MASUK,29 Apr 2026 08:12,21,Atomy HemoHim,1,0.0,,,0.0,Admin,
13,MASUK,29 Apr 2026 08:14,23,Atomy HemoHim,1,0.0,,,0.0,Admin,
14,MASUK,29 Apr 2026 08:18,26,Atomy HemoHim,1,0.0,,,0.0,Admin,
15,MASUK,29 Apr 2026 08:21,28,Atomy HemoHim,4,0.0,,,0.0,Admin,
16,MASUK,29 Apr 2026 08:22,29,Atomy HemoHim,4,0.0,,,0.0,Admin,
17,MASUK,29 Apr 2026 08:25,32,Atomy HemoHim,4,0.0,,,0.0,Admin,
18,MASUK,29 Apr 2026 08:27,33,Atomy HemoHim,1,0.0,,,0.0,Admin,
19,MASUK,29 Apr 2026 08:29,35,Atomy Hongsamdan Red Ginseng,1,0.0,,,0.0,Admin,
20,MASUK,29 Apr 2026 08:29,35,Atomy HemoHim,1,0.0,,,0.0,Admin,
21,MASUK,29 Apr 2026 08:29,35,Atomy Probiotics 10+,1,0.0,,,0.0,Admin,
22,MASUK,29 Apr 2026 08:29,35,Atomy Color Food Vitamin C,1,0.0,,,0.0,Admin,
23,MASUK,29 Apr 2026 08:31,36,Atomy HemoHim,1,0.0,,,0.0,Admin,
24,MASUK,29 Apr 2026 08:36,40,Atomy Paket Ramadhan Care,1,0.0,,,0.0,Admin,
25,MASUK,29 Apr 2026 08:49,43,Atomy HemoHim,1,0.0,,,0.0,Admin,
26,MASUK,29 Apr 2026 08:49,43,Atomy HemoHim,4,0.0,,,0.0,Admin,
27,MASUK,29 Apr 2026 08:52,46,Atomy Paket Ramadhan Care,1,0.0,,,0.0,Admin,
28,MASUK,29 Apr 2026 08:57,53,Atomy HemoHim,1,0.0,,,0.0,Admin,
29,MASUK,29 Apr 2026 08:59,56,Atomy HemoHim,4,0.0,,,0.0,Admin,
30,MASUK,29 Apr 2026 09:02,59,Atomy HemoHim,1,0.0,,,0.0,Admin,
31,MASUK,29 Apr 2026 09:03,60,Atomy HemoHim,4,0.0,,,0.0,Admin,
32,MASUK,29 Apr 2026 09:04,62,Atomy HemoHim,4,0.0,,,0.0,Admin,
33,MASUK,29 Apr 2026 09:06,64,Atomy HemoHim,4,0.0,,,0.0,Admin,
34,MASUK,29 Apr 2026 09:06,65,Atomy HemoHim,1,0.0,,,0.0,Admin,
35,MASUK,29 Apr 2026 09:10,68,Atomy HemoHim,4,0.0,,,0.0,Admin,
36,MASUK,29 Apr 2026 09:11,67,Atomy HemoHim,4,0.0,,,0.0,Admin,
37,MASUK,29 Apr 2026 09:12,70,Atomy HemoHim,4,0.0,,,0.0,Admin,
38,MASUK,29 Apr 2026 09:13,72,Atomy HemoHim,4,0.0,,,0.0,Admin,
39,MASUK,29 Apr 2026 09:14,73,Atomy HemoHim,4,0.0,,,0.0,Admin,
40,MASUK,29 Apr 2026 09:17,77,Atomy HemoHim,4,0.0,,,0.0,Admin,
41,MASUK,29 Apr 2026 09:18,78,Atomy HemoHim,4,0.0,,,0.0,Admin,
42,MASUK,29 Apr 2026 09:24,84,Atomy HemoHim,4,0.0,,,0.0,Admin,
43,MASUK,29 Apr 2026 09:25,85,Atomy Body Cleanser,1,0.0,,,0.0,Admin,
44,MASUK,29 Apr 2026 09:25,85,Atomy Foam Cleanser 150ml,1,0.0,,,0.0,Admin,
45,MASUK,29 Apr 2026 09:26,85,Atomy Evening Care 4 Set,2,0.0,,,0.0,Admin,
46,MASUK,29 Apr 2026 09:26,85,Atomy Body Lotion,2,0.0,,,0.0,Admin,
47,MASUK,29 Apr 2026 09:26,86,Atomy HemoHim,4,0.0,,,0.0,Admin,
48,MASUK,29 Apr 2026 09:40,87,Atomy HemoHim,4,0.0,,,0.0,Admin,
49,MASUK,29 Apr 2026 09:43,88,Atomy HemoHim,4,0.0,,,0.0,Admin,
50,MASUK,29 Apr 2026 09:54,96,Atomy Paket Berkah Ramadan A,1,0.0,,,0.0,Admin,
51,MASUK,29 Apr 2026 09:55,97,Atomy HemoHim,4,0.0,,,0.0,Admin,
52,MASUK,29 Apr 2026 09:56,98,Atomy Paket Berkah Ramadan A,1,0.0,,,0.0,Admin,
53,MASUK,29 Apr 2026 09:59,102,Atomy HemoHim,4,0.0,,,0.0,Admin,
54,MASUK,29 Apr 2026 10:00,103,Atomy HemoHim,4,0.0,,,0.0,Admin,
55,MASUK,29 Apr 2026 10:01,105,Atomy Paket Berkah Ramadan A,1,0.0,,,0.0,Admin,
56,MASUK,29 Apr 2026 10:04,108,Atomy HemoHim,4,0.0,,,0.0,Admin,
57,MASUK,29 Apr 2026 10:04,108,Atomy HemoHim,4,0.0,,,0.0,Admin,
58,MASUK,29 Apr 2026 10:05,109,Atomy HemoHim,4,0.0,,,0.0,Admin,
59,MASUK,29 Apr 2026 10:07,111,Atomy HemoHim,4,0.0,,,0.0,Admin,
60,MASUK,29 Apr 2026 10:08,112,Atomy HemoHim,1,0.0,,,0.0,Admin,
61,MASUK,29 Apr 2026 10:09,113,Atomy HemoHim,4,0.0,,,0.0,Admin,
62,MASUK,29 Apr 2026 10:10,114,Atomy HemoHim,1,0.0,,,0.0,Admin,
63,MASUK,29 Apr 2026 10:12,115,Atomy HemoHim,1,0.0,,,0.0,Admin,
64,MASUK,29 Apr 2026 10:13,117,Atomy HemoHim,1,0.0,,,0.0,Admin,
65,MASUK,29 Apr 2026 10:16,119,Atomy HemoHim,1,0.0,,,0.0,Admin,
66,MASUK,29 Apr 2026 10:17,121,Atomy HemoHim,1,0.0,,,0.0,Admin,
67,MASUK,29 Apr 2026 10:19,122,Atomy HemoHim,1,0.0,,,0.0,Admin,
68,MASUK,29 Apr 2026 10:20,122,Atomy HemoHim,1,0.0,,,0.0,Admin,
69,MASUK,29 Apr 2026 10:20,124,Atomy HemoHim,1,0.0,,,0.0,Admin,
70,MASUK,29 Apr 2026 10:20,125,Atomy HemoHim,4,0.0,,,0.0,Admin,
71,MASUK,29 Apr 2026 10:22,127,Atomy Absolute Lotion,1,0.0,,,0.0,Admin,
72,MASUK,29 Apr 2026 10:25,129,Atomy Absolute Lotion,1,0.0,,,0.0,Admin,
73,MASUK,29 Apr 2026 10:25,126,Atomy Sunscreen White,1,0.0,,,0.0,Admin,
74,MASUK,29 Apr 2026 10:26,130,Atomy Paket Berkah Ramadan A,1,0.0,,,0.0,Admin,
75,MASUK,29 Apr 2026 10:27,130,Atomy Absolute Eye-complex,1,0.0,,,0.0,Admin,
76,MASUK,29 Apr 2026 10:27,126,Atomy Cafe Arabica,1,0.0,,,0.0,Admin,
77,MASUK,29 Apr 2026 10:28,131,Atomy Paket Berkah Ramadan A,1,0.0,,,0.0,Admin,
78,MASUK,29 Apr 2026 10:29,132,Atomy Herbal Hair Conditioner,1,0.0,,,0.0,Admin,
79,MASUK,29 Apr 2026 10:30,132,Atomy HemoHim,1,0.0,,,0.0,Admin,
80,MASUK,29 Apr 2026 10:30,132,Atomy Herbal Hair Conditioner,1,0.0,,,0.0,Admin,
81,MASUK,29 Apr 2026 10:31,132,Atomy Herbal Hair Tonic,2,0.0,,,0.0,Admin,
82,MASUK,29 Apr 2026 10:31,132,Atomy Herbal Hair Shampoo,2,0.0,,,0.0,Admin,
83,MASUK,29 Apr 2026 10:32,132,Atomy Probiotics 10+,2,0.0,,,0.0,Admin,
84,MASUK,29 Apr 2026 10:32,132,Atomy Color Food Vitamin C,2,0.0,,,0.0,Admin,
85,MASUK,29 Apr 2026 10:32,134,Atomy Paket Berkah Ramadan A,1,0.0,,,0.0,Admin,
86,MASUK,29 Apr 2026 10:32,134,Atomy Herbal Hair Tonic,2,0.0,,,0.0,Admin,
87,MASUK,29 Apr 2026 10:35,135,Atomy Body Cleanser,1,0.0,,,0.0,Admin,
88,MASUK,29 Apr 2026 10:35,135,Atomy Foam Cleanser 150ml,1,0.0,,,0.0,Admin,
89,MASUK,29 Apr 2026 10:35,135,Atomy Evening Care 4 Set,2,0.0,,,0.0,Admin,
90,MASUK,29 Apr 2026 10:36,135,Atomy Body Lotion,2,0.0,,,0.0,Admin,
91,MASUK,29 Apr 2026 10:37,136,Atomy HemoHim,1,0.0,,,0.0,Admin,
92,MASUK,29 Apr 2026 10:38,137,Atomy HemoHim,1,0.0,,,0.0,Admin,
93,MASUK,29 Apr 2026 10:39,138,Atomy Herbal Hair Conditioner,2,0.0,,,0.0,Admin,
94,MASUK,29 Apr 2026 10:39,138,Atomy Absolute Ampoule,1,0.0,,,0.0,Admin,
95,MASUK,29 Apr 2026 10:39,139,Atomy Absolute CellActive Skincare Set,1,0.0,,,0.0,Admin,
96,MASUK,29 Apr 2026 10:40,138,Atomy Herbal Hair Tonic,2,0.0,,,0.0,Admin,
97,MASUK,29 Apr 2026 10:42,140,Atomy Body Cleanser,1,0.0,,,0.0,Admin,
98,MASUK,29 Apr 2026 10:42,140,Atomy Foam Cleanser 150ml,1,0.0,,,0.0,Admin,
99,MASUK,29 Apr 2026 10:42,140,Atomy Evening Care 4 Set,1,0.0,,,0.0,Admin,
100,MASUK,29 Apr 2026 10:42,140,Atomy Body Lotion,1,0.0,,,0.0,Admin,
101,MASUK,29 Apr 2026 10:43,140,Atomy Probiotics 10+,1,0.0,,,0.0,Admin,
102,MASUK,29 Apr 2026 10:43,138,Atomy Herbal Hair Tonic,2,0.0,,,0.0,Admin,
103,MASUK,29 Apr 2026 10:44,141,Atomy Body Cleanser,1,0.0,,,0.0,Admin,
104,MASUK,29 Apr 2026 10:44,141,Atomy Herbal Hair Shampoo,2,0.0,,,0.0,Admin,
105,MASUK,29 Apr 2026 10:44,141,Atomy Foam Cleanser 150ml,1,0.0,,,0.0,Admin,
106,MASUK,29 Apr 2026 10:44,141,Atomy Evening Care 4 Set,1,0.0,,,0.0,Admin,
107,MASUK,29 Apr 2026 10:44,141,Atomy Body Lotion,1,0.0,,,0.0,Admin,
108,MASUK,29 Apr 2026 10:46,142,Atomy Body Cleanser,1,0.0,,,0.0,Admin,
109,MASUK,29 Apr 2026 10:46,142,Atomy Foam Cleanser 150ml,1,0.0,,,0.0,Admin,
110,MASUK,29 Apr 2026 10:46,142,Atomy Evening Care 4 Set,1,0.0,,,0.0,Admin,
111,MASUK,29 Apr 2026 10:46,142,Atomy Body Lotion,1,0.0,,,0.0,Admin,
112,MASUK,29 Apr 2026 10:47,143,Atomy Travel Kit,4,0.0,,,0.0,Admin,
113,MASUK,29 Apr 2026 10:49,147,Atomy Paket Berkah Ramadan A,1,0.0,,,0.0,Admin,
114,MASUK,29 Apr 2026 10:50,147,Atomy HemoHim,2,0.0,,,0.0,Admin,
115,MASUK,29 Apr 2026 10:51,148,Atomy Paket Berkah Ramadan A,1,0.0,,,0.0,Admin,
116,MASUK,29 Apr 2026 10:51,148,Atomy Vitamin B-Complex,1,0.0,,,0.0,Admin,
117,MASUK,29 Apr 2026 10:53,149,Atomy Paket Berkah Ramadan A,1,0.0,,,0.0,Admin,
118,MASUK,29 Apr 2026 10:54,150,Atomy HemoHim,1,0.0,,,0.0,Admin,
119,MASUK,29 Apr 2026 10:54,150,Atomy Travel Kit,1,0.0,,,0.0,Admin,
120,MASUK,29 Apr 2026 10:56,152,Atomy Body Cleanser,1,0.0,,,0.0,Admin,
121,MASUK,29 Apr 2026 10:56,152,Atomy Evening Care 4 Set,1,0.0,,,0.0,Admin,
122,MASUK,29 Apr 2026 10:56,152,Atomy Body Lotion,1,0.0,,,0.0,Admin,
123,MASUK,29 Apr 2026 10:56,152,Atomy Foam Cleanser 150ml,1,0.0,,,0.0,Admin,
124,MASUK,29 Apr 2026 10:59,155,Atomy Herbal Hair Conditioner,1,0.0,,,0.0,Admin,
125,MASUK,29 Apr 2026 10:59,154,Atomy Paket Berkah Ramadan A,1,0.0,,,0.0,Admin,
126,MASUK,29 Apr 2026 10:59,154,Atomy Herbal Hair Tonic,1,0.0,,,0.0,Admin,
127,MASUK,29 Apr 2026 11:00,154,Atomy Herbal Hair Tonic,1,0.0,,,0.0,Admin,
128,MASUK,29 Apr 2026 11:00,154,Atomy Herbal Hair Shampoo,1,0.0,,,0.0,Admin,
129,MASUK,29 Apr 2026 11:00,154,Atomy Herbal Hair Shampoo,1,0.0,,,0.0,Admin,
130,MASUK,29 Apr 2026 11:00,154,Atomy Probiotics 10+,1,0.0,,,0.0,Admin,
131,MASUK,29 Apr 2026 11:00,154,Atomy Probiotics 10+,1,0.0,,,0.0,Admin,
132,MASUK,29 Apr 2026 11:00,154,Atomy Color Food Vitamin C,1,0.0,,,0.0,Admin,
133,MASUK,29 Apr 2026 11:00,154,Atomy Herbal Hair Tonic,1,0.0,,,0.0,Admin,
134,MASUK,30 Apr 2026 05:55,156,Atomy HemoHim,4,0.0,,,0.0,Admin,
135,MASUK,30 Apr 2026 06:03,157,Atomy HemoHim,4,0.0,,,0.0,Admin,
136,MASUK,30 Apr 2026 06:04,158,Atomy HemoHim,4,0.0,,,0.0,Admin,
137,MASUK,30 Apr 2026 06:06,159,Atomy HemoHim,4,0.0,,,0.0,Admin,
138,MASUK,30 Apr 2026 06:07,160,Atomy HemoHim,4,0.0,,,0.0,Admin,
139,MASUK,30 Apr 2026 06:09,161,Atomy HemoHim,2,0.0,,,0.0,Admin,
140,MASUK,30 Apr 2026 06:12,162,Atomy Paket Berkah Ramadan A,1,0.0,,,0.0,Admin,
141,MASUK,30 Apr 2026 06:45,163,Atomy HemoHim,1,0.0,,,0.0,Admin,
142,MASUK,30 Apr 2026 06:46,164,Atomy HemoHim,1,0.0,,,0.0,Admin,
143,MASUK,30 Apr 2026 06:51,165,Atomy HemoHim,1,0.0,,,0.0,Admin,
144,MASUK,30 Apr 2026 06:53,166,Atomy HemoHim,1,0.0,,,0.0,Admin,
145,MASUK,30 Apr 2026 06:57,167,Atomy HemoHim,1,0.0,,,0.0,Admin,
146,MASUK,30 Apr 2026 07:02,168,Atomy HemoHim,1,0.0,,,0.0,Admin,
147,MASUK,30 Apr 2026 07:03,169,Atomy Paket Ramadhan Care,1,0.0,,,0.0,Admin,
148,MASUK,30 Apr 2026 07:04,170,Atomy Color Food Vitamin C,1,0.0,,,0.0,Admin,
149,MASUK,30 Apr 2026 07:05,170,Atomy Probiotics 10+,1,0.0,,,0.0,Admin,
150,MASUK,30 Apr 2026 07:05,170,Atomy HemoHim,1,0.0,,,0.0,Admin,
151,MASUK,30 Apr 2026 07:07,171,Atomy Hongsamdan Red Ginseng,2,0.0,,,0.0,Admin,
152,MASUK,30 Apr 2026 09:33,172,Atomy Paket Berkah Ramadan A,1,0.0,,,0.0,Admin,
153,MASUK,30 Apr 2026 09:33,173,Atomy Paket Berkah Ramadan A,1,0.0,,,0.0,Admin,
154,MASUK,30 Apr 2026 09:35,174,Atomy Paket Bingkisan Lebaran,1,0.0,,,0.0,Admin,
155,MASUK,30 Apr 2026 09:36,176,Atomy Paket Bingkisan Lebaran,1,0.0,,,0.0,Admin,
156,MASUK,30 Apr 2026 09:37,177,Atomy Paket Bingkisan Lebaran,1,0.0,,,0.0,Admin,
157,MASUK,30 Apr 2026 09:37,177,Atomy HemoHim,4,0.0,,,0.0,Admin,
158,MASUK,30 Apr 2026 09:38,178,Atomy Paket Berkah Ramadan A,1,0.0,,,0.0,Admin,
159,MASUK,30 Apr 2026 09:39,180,Atomy Travel Kit,4,0.0,,,0.0,Admin,
160,MASUK,30 Apr 2026 09:39,180,Atomy Paket Berkah Ramadan A,1,0.0,,,0.0,Admin,
161,MASUK,30 Apr 2026 09:40,181,Atomy Paket Berkah Ramadan A,1,0.0,,,0.0,Admin,
162,MASUK,30 Apr 2026 09:41,183,Atomy Paket Berkah Ramadan A,1,0.0,,,0.0,Admin,
163,MASUK,30 Apr 2026 09:42,184,Atomy Paket Bingkisan Lebaran,1,0.0,,,0.0,Admin,
164,MASUK,30 Apr 2026 09:43,186,Atomy Travel Kit,1,0.0,,,0.0,Admin,
165,MASUK,30 Apr 2026 09:45,188,Atomy Paket Berkah Ramadan A,1,0.0,,,0.0,Admin,
166,MASUK,30 Apr 2026 09:46,188,Atomy Toothbrush,4,0.0,,,0.0,Admin,
167,MASUK,30 Apr 2026 09:46,188,Atomy Absolute CellActive Skincare Set,1,0.0,,,0.0,Admin,
168,MASUK,30 Apr 2026 09:47,187,Atomy BB Cream,1,0.0,,,0.0,Admin,
169,MASUK,30 Apr 2026 09:47,187,Atomy HemoHim,1,0.0,,,0.0,Admin,
170,MASUK,30 Apr 2026 09:50,191,Atomy Paket Berkah Ramadan A,1,0.0,,,0.0,Admin,
171,MASUK,30 Apr 2026 09:51,194,Atomy HemoHim,1,0.0,,,0.0,Admin,
172,MASUK,30 Apr 2026 09:53,196,Atomy Travel Kit,1,0.0,,,0.0,Admin,
173,MASUK,30 Apr 2026 09:53,197,Atomy Paket Berkah Ramadan A,1,0.0,,,0.0,Admin,
174,MASUK,30 Apr 2026 09:54,198,Atomy Paket Berkah Ramadan A,1,0.0,,,0.0,Admin,
175,MASUK,30 Apr 2026 09:55,199,Atomy Paket Berkah Ramadan A,1,0.0,,,0.0,Admin,
176,MASUK,30 Apr 2026 09:56,200,Atomy Paket Berkah Ramadan B,1,0.0,,,0.0,Admin,
177,MASUK,30 Apr 2026 09:56,201,Atomy Toothpaste 50g,1,0.0,,,0.0,Admin,
178,MASUK,30 Apr 2026 09:57,201,Atomy HemoHim,1,0.0,,,0.0,Admin,
179,MASUK,30 Apr 2026 09:57,201,Atomy Toothbrush,1,0.0,,,0.0,Admin,
180,MASUK,30 Apr 2026 09:58,202,Atomy Paket Berkah Ramadan A,1,0.0,,,0.0,Admin,
181,MASUK,30 Apr 2026 09:59,203,Atomy Aidam Cleanser,1,0.0,,,0.0,Admin,
182,MASUK,30 Apr 2026 09:59,203,Atomy Toothpaste 50g,1,0.0,,,0.0,Admin,
183,MASUK,30 Apr 2026 09:59,203,Atomy Travel Kit,1,0.0,,,0.0,Admin,
184,MASUK,30 Apr 2026 10:01,206,Atomy Paket Berkah Ramadan A,1,0.0,,,0.0,Admin,
185,MASUK,30 Apr 2026 10:06,207,Atomy HemoHim,1,0.0,,,0.0,Admin,
186,MASUK,30 Apr 2026 10:11,209,Atomy Paket Bingkisan Lebaran,1,0.0,,,0.0,Admin,
187,MASUK,30 Apr 2026 10:11,209,Atomy Hydra Brightening Care Set,1,0.0,,,0.0,Admin,
188,MASUK,30 Apr 2026 10:12,210,Atomy Paket Berkah Ramadan A,1,0.0,,,0.0,Admin,
189,MASUK,30 Apr 2026 10:12,211,Atomy Stainless Steel Scrubber,1,0.0,,,0.0,Admin,
190,MASUK,30 Apr 2026 10:13,210,Atomy Deep Cleanser 150ml,1,0.0,,,0.0,Admin,
191,MASUK,30 Apr 2026 10:13,211,Atomy Color Food Vitamin C,1,0.0,,,0.0,Admin,
192,MASUK,30 Apr 2026 10:13,210,Atomy Color Food Vitamin C,1,0.0,,,0.0,Admin,
193,MASUK,30 Apr 2026 10:16,213,Atomy Paket Berkah Ramadan A,1,0.0,,,0.0,Admin,
194,MASUK,30 Apr 2026 10:21,218,Atomy HemoHim,1,0.0,,,0.0,Admin,
195,MASUK,30 Apr 2026 10:37,228,Atomy HemoHim,1,0.0,,,0.0,Admin,
196,MASUK,30 Apr 2026 10:40,230,Atomy HemoHim,1,0.0,,,0.0,Admin,
197,MASUK,02 Mei 2026 07:48,236,Atomy Absolute CellActive Skincare Set,1,0.0,,,0.0,Admin,
198,MASUK,02 Mei 2026 07:48,236,Atomy Herbal Hair Shampoo,1,0.0,,,0.0,Admin,
199,MASUK,02 Mei 2026 07:51,237,Atomy HemoHim,1,0.0,,,0.0,Admin,
200,MASUK,02 Mei 2026 07:56,235,Atomy HemoHim,1,0.0,,,0.0,Admin,
201,MASUK,02 Mei 2026 07:58,241,Atomy Cafe Arabica,1,0.0,,,0.0,Admin,
202,MASUK,02 Mei 2026 08:11,235,Atomy HemoHim,1,0.0,,,0.0,Admin,
203,MASUK,02 Mei 2026 08:21,264,Atomy HemoHim,1,0.0,,,0.0,Admin,
204,MASUK,02 Mei 2026 08:25,235,Atomy HemoHim,1,0.0,,,0.0,Admin,
205,MASUK,02 Mei 2026 08:28,272,Atomy HemoHim,1,0.0,,,0.0,Admin,
206,MASUK,02 Mei 2026 08:29,235,Atomy HemoHim,1,0.0,,,0.0,Admin,
207,MASUK,02 Mei 2026 08:32,277,Atomy HemoHim,1,0.0,,,0.0,Admin,
208,MASUK,02 Mei 2026 08:37,283,Atomy HemoHim,1,0.0,,,0.0,Admin,
209,MASUK,02 Mei 2026 08:40,235,Atomy HemoHim,1,0.0,,,0.0,Admin,
210,MASUK,02 Mei 2026 08:46,287,Atomy HemoHim,1,0.0,,,0.0,Admin,
211,MASUK,02 Mei 2026 08:48,288,Atomy HemoHim,1,0.0,,,0.0,Admin,
212,MASUK,02 Mei 2026 08:59,291,Atomy HemoHim,4,0.0,,,0.0,Admin,
213,MASUK,02 Mei 2026 09:02,292,Atomy HemoHim,1,0.0,,,0.0,Admin,
214,MASUK,02 Mei 2026 09:06,235,Atomy HemoHim,1,0.0,,,0.0,Admin,
215,MASUK,02 Mei 2026 09:10,298,Atomy HemoHim,1,0.0,,,0.0,Admin,
216,MASUK,02 Mei 2026 09:11,299,Atomy HemoHim,1,0.0,,,0.0,Admin,
217,MASUK,02 Mei 2026 09:14,301,Atomy HemoHim,1,0.0,,,0.0,Admin,
218,MASUK,02 Mei 2026 09:17,303,Atomy HemoHim,1,0.0,,,0.0,Admin,
219,MASUK,02 Mei 2026 09:22,306,Atomy HemoHim,1,0.0,,,0.0,Admin,
220,MASUK,02 Mei 2026 09:23,307,Atomy HemoHim,1,0.0,,,0.0,Admin,
221,MASUK,02 Mei 2026 09:26,308,Atomy HemoHim,1,0.0,,,0.0,Admin,
222,MASUK,02 Mei 2026 09:36,317,Atomy HemoHim,1,0.0,,,0.0,Admin,
223,MASUK,02 Mei 2026 09:40,318,Atomy Toothpaste 50g,1,0.0,,,0.0,Admin,
224,MASUK,02 Mei 2026 09:41,235,Atomy HemoHim,1,0.0,,,0.0,Admin,
225,MASUK,02 Mei 2026 09:42,320,Atomy Stainless Steel Scrubber,1,0.0,,,0.0,Admin,
226,MASUK,02 Mei 2026 09:43,321,Atomy Absolute CellActive Skincare Set,1,0.0,,,0.0,Admin,
227,MASUK,02 Mei 2026 09:44,321,Atomy Absolute Ampoule,1,0.0,,,0.0,Admin,
228,MASUK,02 Mei 2026 09:44,321,Atomy Travel Kit,1,0.0,,,0.0,Admin,
229,MASUK,02 Mei 2026 09:45,322,Atomy HemoHim,1,0.0,,,0.0,Admin,
230,MASUK,02 Mei 2026 09:46,323,Atomy Toothpaste 200g,1,0.0,,,0.0,Admin,
231,MASUK,02 Mei 2026 09:47,235,Atomy Sunscreen White,1,0.0,,,0.0,Admin,
232,MASUK,02 Mei 2026 09:47,323,Atomy Herbal Hair Shampoo,1,0.0,,,0.0,Admin,
233,MASUK,02 Mei 2026 09:48,324,Atomy HemoHim,1,0.0,,,0.0,Admin,
234,MASUK,02 Mei 2026 09:48,323,Atomy Sunscreen Beige,1,0.0,,,0.0,Admin,
235,MASUK,02 Mei 2026 09:48,323,Atomy Sunscreen Beige,1,0.0,,,0.0,Admin,
236,MASUK,02 Mei 2026 09:49,323,Atomy Toothbrush,1,0.0,,,0.0,Admin,
237,MASUK,02 Mei 2026 09:50,325,Atomy HemoHim,1,0.0,,,0.0,Admin,
238,MASUK,02 Mei 2026 09:55,327,Atomy Baby Lotion,1,0.0,,,0.0,Admin,
239,MASUK,02 Mei 2026 10:01,235,Atomy Paket Berkah Ramadan A,1,0.0,,,0.0,Admin,
240,MASUK,02 Mei 2026 10:04,235,Atomy Slim Body Shake 2.0,1,0.0,,,0.0,Admin,
241,MASUK,02 Mei 2026 10:04,334,Atomy Paket Berkah Ramadan A,1,0.0,,,0.0,Admin,
242,MASUK,02 Mei 2026 10:04,332,Atomy Cafe Arabica,1,0.0,,,0.0,Admin,
243,MASUK,02 Mei 2026 10:04,333,Atomy BB Cream,1,0.0,,,0.0,Admin,
244,MASUK,02 Mei 2026 10:05,329,Atomy Slim Body Shake 2.0,1,0.0,,,0.0,Admin,
245,MASUK,02 Mei 2026 10:05,329,Atomy Toothpaste 50g,1,0.0,,,0.0,Admin,
246,MASUK,02 Mei 2026 10:06,331,Atomy Toothpaste 50g,1,0.0,,,0.0,Admin,
247,MASUK,02 Mei 2026 10:08,331,Atomy Toothpaste 200g,1,0.0,,,0.0,Admin,
248,MASUK,02 Mei 2026 10:08,331,Atomy Sunscreen White,1,0.0,,,0.0,Admin,
249,MASUK,02 Mei 2026 10:09,331,Atomy Herbal Hair Shampoo,1,0.0,,,0.0,Admin,
250,MASUK,02 Mei 2026 10:09,331,Atomy Sunscreen Beige,1,0.0,,,0.0,Admin,
251,MASUK,02 Mei 2026 10:09,331,Atomy Toothbrush,1,0.0,,,0.0,Admin,
252,MASUK,02 Mei 2026 10:13,335,Atomy Body Cleanser,1,0.0,,,0.0,Admin,
253,MASUK,02 Mei 2026 10:14,335,Atomy Toothpaste 200g,1,0.0,,,0.0,Admin,
254,MASUK,02 Mei 2026 10:14,335,Atomy Sunscreen White,1,0.0,,,0.0,Admin,
255,MASUK,02 Mei 2026 10:14,335,Atomy Evening Care 4 Set,1,0.0,,,0.0,Admin,
256,MASUK,02 Mei 2026 10:14,335,Atomy Body Lotion,1,0.0,,,0.0,Admin,
257,MASUK,02 Mei 2026 10:14,335,Atomy Sunscreen Beige,1,0.0,,,0.0,Admin,
258,MASUK,02 Mei 2026 10:15,335,Atomy Foam Cleanser 150ml,1,0.0,,,0.0,Admin,
259,MASUK,02 Mei 2026 10:15,335,Atomy Toothbrush,1,0.0,,,0.0,Admin,
260,MASUK,02 Mei 2026 10:19,336,Atomy Pure Spirulina,1,0.0,,,0.0,Admin,
261,MASUK,02 Mei 2026 10:20,337,Atomy Absolute CellActive Skincare Set,1,0.0,,,0.0,Admin,
262,MASUK,02 Mei 2026 10:20,337,Atomy Absolute Ampoule,1,0.0,,,0.0,Admin,
263,MASUK,02 Mei 2026 10:20,337,Atomy Hydra Brightening Care Set,1,0.0,,,0.0,Admin,
264,MASUK,02 Mei 2026 10:20,338,Atomy Body Cleanser,1,0.0,,,0.0,Admin,
265,MASUK,02 Mei 2026 10:20,338,Atomy Evening Care 4 Set,1,0.0,,,0.0,Admin,
266,MASUK,02 Mei 2026 10:21,338,Atomy Body Lotion,1,0.0,,,0.0,Admin,
267,MASUK,02 Mei 2026 10:21,338,Atomy Foam Cleanser 150ml,1,0.0,,,0.0,Admin,
268,MASUK,02 Mei 2026 10:30,235,Atomy Paket Berkah Ramadan A,1,0.0,,,0.0,OWEN,
269,MASUK,02 Mei 2026 10:31,238,Atomy HemoHim,1,0.0,,,0.0,OWEN,
270,MASUK,02 Mei 2026 10:39,235,Atomy Body Cleanser,1,0.0,,,0.0,Admin,
271,MASUK,02 Mei 2026 10:40,235,Atomy Evening Care 4 Set,2,0.0,,,0.0,Admin,
272,MASUK,02 Mei 2026 10:42,353,Atomy Sunscreen White,2,0.0,,,0.0,Admin,
273,MASUK,02 Mei 2026 10:42,235,Atomy Body Lotion,2,0.0,,,0.0,Admin,
274,MASUK,02 Mei 2026 10:43,235,Atomy Toothpaste 200g,2,0.0,,,0.0,Admin,
275,MASUK,02 Mei 2026 10:44,235,Atomy Sunscreen Beige,2,0.0,,,0.0,Admin,
276,MASUK,02 Mei 2026 10:45,235,Atomy Foam Cleanser 150ml,1,0.0,,,0.0,Admin,
277,MASUK,02 Mei 2026 10:45,235,Atomy Toothbrush,2,0.0,,,0.0,Admin,
278,MASUK,02 Mei 2026 10:48,235,Atomy Body Cleanser,1,0.0,,,0.0,Admin,
279,MASUK,02 Mei 2026 10:48,365,Atomy Foam Cleanser 150ml,1,0.0,,,0.0,Admin,
280,MASUK,02 Mei 2026 10:48,365,Atomy Hongsamdan Red Ginseng,1,0.0,,,0.0,Admin,
281,MASUK,02 Mei 2026 10:49,235,Atomy Evening Care 4 Set,1,0.0,,,0.0,Admin,
282,MASUK,02 Mei 2026 10:49,365,Atomy Body Lotion,1,0.0,,,0.0,Admin,
283,MASUK,02 Mei 2026 10:49,365,Atomy Probiotics 10+,1,0.0,,,0.0,Admin,
284,MASUK,02 Mei 2026 10:49,365,Atomy Color Food Vitamin C,1,0.0,,,0.0,Admin,
285,MASUK,02 Mei 2026 10:52,235,Atomy Body Lotion,2,0.0,,,0.0,Admin,
286,MASUK,02 Mei 2026 10:54,235,Atomy Herbal Hair Tonic,2,0.0,,,0.0,Admin,
287,MASUK,02 Mei 2026 10:55,369,Atomy Deep Cleanser 150ml,1,0.0,,,0.0,Admin,
288,MASUK,02 Mei 2026 10:56,235,Atomy Toothpaste 50g,3,0.0,,,0.0,Admin,
289,MASUK,02 Mei 2026 10:57,235,Atomy Herbal Hair Tonic,2,0.0,,,0.0,Admin,
290,MASUK,02 Mei 2026 10:57,235,Atomy Absolute Toner,2,0.0,,,0.0,Admin,
291,MASUK,02 Mei 2026 10:58,369,Atomy Herbal Hair Shampoo,2,0.0,,,0.0,Admin,
292,MASUK,02 Mei 2026 10:58,375,Atomy Herbal Hair Tonic,1,0.0,,,0.0,Admin,
293,MASUK,02 Mei 2026 10:58,235,Atomy Herbal Hair Shampoo,1,0.0,,,0.0,Admin,
294,MASUK,02 Mei 2026 10:58,369,Atomy Body Cleanser,1,0.0,,,0.0,Admin,
295,MASUK,02 Mei 2026 10:58,375,Atomy Cafe Arabica,1,0.0,,,0.0,Admin,
296,MASUK,02 Mei 2026 10:59,375,Atomy Body Cleanser,1,0.0,,,0.0,Admin,
297,MASUK,02 Mei 2026 10:59,369,Atomy Herbal Hair Conditioner,2,0.0,,,0.0,Admin,
298,MASUK,02 Mei 2026 10:59,375,Atomy Herbal Hair Conditioner,1,0.0,,,0.0,Admin,
299,MASUK,02 Mei 2026 10:59,375,Atomy Absolute Ampoule,1,0.0,,,0.0,Admin,
300,MASUK,02 Mei 2026 10:59,375,Atomy Foam Cleanser 150ml,1,0.0,,,0.0,Admin,
301,MASUK,02 Mei 2026 10:59,369,Atomy Absolute Lotion,2,0.0,,,0.0,Admin,
302,MASUK,02 Mei 2026 10:59,375,Atomy Evening Care 4 Set,1,0.0,,,0.0,Admin,
303,MASUK,02 Mei 2026 11:00,375,Atomy Body Lotion,1,0.0,,,0.0,Admin,
304,MASUK,02 Mei 2026 11:00,369,Atomy Absolute Ampoule,1,0.0,,,0.0,Admin,
305,MASUK,02 Mei 2026 11:00,375,Atomy Herbal Hair Tonic,1,0.0,,,0.0,Admin,
306,MASUK,02 Mei 2026 11:00,369,Atomy Foam Cleanser 150ml,1,0.0,,,0.0,Admin,
307,MASUK,02 Mei 2026 11:01,369,Atomy Sunscreen White,2,0.0,,,0.0,Admin,
308,MASUK,02 Mei 2026 11:02,369,Atomy Evening Care 4 Set,2,0.0,,,0.0,Admin,
309,MASUK,02 Mei 2026 11:03,376,Atomy Body Cleanser,1,0.0,,,0.0,Admin,
310,MASUK,02 Mei 2026 11:03,376,Atomy Herbal Hair Conditioner,1,0.0,,,0.0,Admin,
311,MASUK,02 Mei 2026 11:03,376,Atomy Foam Cleanser 150ml,1,0.0,,,0.0,Admin,
312,MASUK,02 Mei 2026 11:03,235,Atomy Evening Care 4 Set,1,0.0,,,0.0,Admin,
313,MASUK,02 Mei 2026 11:03,376,Atomy Body Lotion,1,0.0,,,0.0,Admin,
314,MASUK,02 Mei 2026 11:04,376,Atomy Herbal Hair Tonic,1,0.0,,,0.0,Admin,
315,MASUK,02 Mei 2026 11:04,376,Atomy Toothpaste 50g,1,0.0,,,0.0,Admin,
316,MASUK,04 Mei 2026 07:08,378,Atomy Paket Berkah Ramadan A,1,0,,,0,Admin,
317,MASUK,04 Mei 2026 07:23,382,Atomy Promo Ramadhan 1,1,0,,,0,Oktavia,
318,MASUK,04 Mei 2026 07:26,384,Atomy HemoHim 4 Sets,1,0,,,0,Oktavia,
319,MASUK,04 Mei 2026 07:31,387,Atomy HemoHim 4 Sets,1,0,,,0,Oktavia,
320,MASUK,04 Mei 2026 07:35,389,Atomy HemoHim 4 Sets,1,0,,,0,Admin,
321,MASUK,04 Mei 2026 07:36,392,Atomy HemoHim 4 Sets,1,0,,,0,Oktavia,
322,MASUK,04 Mei 2026 07:38,393,Atomy Promo Ramadhan 1,1,0,,,0,Oktavia,
323,MASUK,04 Mei 2026 07:39,394,Atomy HemoHim,1,0,,,0,Admin,
324,MASUK,04 Mei 2026 07:39,395,Atomy Promo Ramadhan 1,1,0,,,0,Admin,
325,MASUK,04 Mei 2026 07:44,396,Atomy Promo Ramadhan 2,1,0,,,0,Oktavia,
326,MASUK,04 Mei 2026 07:44,396,Atomy Propolis Toothpaste 50g,1,0,,,0,Oktavia,
327,MASUK,04 Mei 2026 07:45,397,Atomy HemoHim,1,0,,,0,Admin,
328,MASUK,04 Mei 2026 07:46,398,Atomy Promo Ramadhan 1,1,0,,,0,Oktavia,
329,MASUK,04 Mei 2026 07:48,399,Atomy HemoHim,1,0,,,0,Admin,
330,MASUK,04 Mei 2026 07:53,400,Atomy HemoHim,1,0,,,0,Admin,
331,MASUK,04 Mei 2026 07:54,401,Atomy Promo Ramadhan 1,1,0,,,0,Oktavia,
332,MASUK,04 Mei 2026 07:55,402,Atomy HemoHim,1,0,,,0,Admin,
333,MASUK,04 Mei 2026 07:58,403,Atomy Promo Ramadhan 1,1,0,,,0,Oktavia,
334,MASUK,04 Mei 2026 08:01,404,Atomy Absolute CellActive Ampoule,1,0,,,0,Admin,
335,MASUK,04 Mei 2026 08:01,404,Atomy Absolute CellActive Skincare Set,1,0,,,0,Admin,
336,MASUK,04 Mei 2026 08:06,406,Atomy Paket Lebaran A (Health Care),1,0,,,0,Admin,
337,MASUK,04 Mei 2026 08:08,409,Atomy Absolute CellActive Skincare Set,1,0,,,0,Admin,
338,MASUK,04 Mei 2026 08:08,409,Atomy Absolute CellActive Ampoule,1,0,,,0,Admin,
339,MASUK,04 Mei 2026 08:10,410,Atomy Hydra Brightening Care Set,1,0,,,0,Admin,
340,MASUK,04 Mei 2026 08:11,411,Atomy Promo Ramadhan 1,1,0,,,0,Oktavia,
341,MASUK,04 Mei 2026 08:12,412,Atomy HemoHim,1,0,,,0,Admin,
342,MASUK,04 Mei 2026 08:12,413,Atomy HemoHim,1,0,,,0,Admin,
343,MASUK,04 Mei 2026 08:15,414,Atomy Hydra Brightening Care Set,2,0,,,0,Admin,
344,MASUK,04 Mei 2026 08:15,415,Atomy Promo Ramadhan 1,1,0,,,0,Oktavia,
345,MASUK,04 Mei 2026 08:16,416,Atomy Promo Ramadhan 1,1,0,,,0,Admin,
346,MASUK,04 Mei 2026 08:20,418,Atomy Promo Ramadhan 1,1,0,,,0,Admin,
347,MASUK,04 Mei 2026 08:20,420,Atomy Paket Lebaran A (Health Care),1,0,,,0,Oktavia,
348,MASUK,04 Mei 2026 08:22,422,Atomy Promo Ramadhan 1,1,0,,,0,Admin,
349,MASUK,04 Mei 2026 08:23,421,Atomy Hongsamdan Red Ginseng,2,0,,,0,Admin,
350,MASUK,04 Mei 2026 08:23,421,Atomy Sunscreen White,2,0,,,0,Admin,
351,MASUK,04 Mei 2026 08:23,421,Atomy Propolis Toothpaste 200g,2,0,,,0,Admin,
352,MASUK,04 Mei 2026 08:23,421,Atomy Finezyme,2,0,,,0,Admin,
353,MASUK,04 Mei 2026 08:23,421,Atomy Sunscreen Beige,2,0,,,0,Admin,
354,MASUK,04 Mei 2026 08:23,421,Atomy Toothbrush,2,0,,,0,Admin,
355,MASUK,04 Mei 2026 08:23,421,Atomy Color Food Vitamin C,2,0,,,0,Admin,
356,MASUK,04 Mei 2026 08:24,423,Atomy Promo Ramadhan 1,1,0,,,0,Admin,
357,MASUK,04 Mei 2026 08:25,424,Atomy Promo Ramadhan 1,1,0,,,0,Oktavia,
358,MASUK,04 Mei 2026 08:28,426,Atomy Promo Ramadhan 1,1,0,,,0,Admin,
359,MASUK,04 Mei 2026 08:28,428,Atomy Promo Ramadhan 1,1,0,,,0,Oktavia,
360,MASUK,04 Mei 2026 08:30,429,Atomy Promo Ramadhan 1,1,0,,,0,Admin,
361,MASUK,04 Mei 2026 08:30,430,Atomy Paket Lebaran A (Health Care),1,0,,,0,Oktavia,
362,MASUK,04 Mei 2026 08:31,431,Atomy Promo Ramadhan 1,1,0,,,0,Admin,
363,MASUK,04 Mei 2026 08:32,432,Atomy Promo Ramadhan 1,1,0,,,0,Admin,
364,MASUK,04 Mei 2026 08:34,434,Atomy Promo Ramadhan 1,1,0,,,0,Admin,
365,MASUK,04 Mei 2026 08:35,435,Atomy HemoHim 4 Sets,1,0,,,0,Oktavia,
366,MASUK,04 Mei 2026 08:35,433,Atomy HemoHim 4 Sets,1,0,,,0,Admin,
367,MASUK,04 Mei 2026 08:37,436,Atomy Promo Ramadhan 1,1,0,,,0,Oktavia,
368,MASUK,04 Mei 2026 08:40,437,Atomy Paket Lebaran A (Health Care),1,0,,,0,Oktavia,
369,MASUK,04 Mei 2026 08:44,441,Atomy Promo Ramadhan 1,1,0,,,0,Admin,
370,MASUK,04 Mei 2026 08:45,442,Atomy Paket Lebaran A (Health Care),1,0,,,0,Admin,
371,MASUK,04 Mei 2026 08:49,447,Atomy Promo Ramadhan 1,1,0,,,0,Admin,
372,MASUK,04 Mei 2026 08:49,447,Atomy Promo Ramadhan 1,1,0,,,0,Admin,
373,MASUK,04 Mei 2026 08:52,449,Atomy HemoHim 4 Sets,1,0,,,0,Admin,
374,MASUK,04 Mei 2026 08:53,450,Atomy Paket Berkah Ramadan A,1,0,,,0,Admin,
375,MASUK,04 Mei 2026 08:53,447,Atomy Promo Ramadhan 1,1,0,,,0,Admin,
376,MASUK,04 Mei 2026 08:55,451,Atomy Promo Ramadhan 1,1,0,,,0,Admin,
377,MASUK,04 Mei 2026 08:57,452,Atomy Promo Ramadhan 1,1,0,,,0,Admin,
378,MASUK,04 Mei 2026 08:59,454,Atomy Promo Ramadhan 1,1,0,,,0,Admin,
379,MASUK,04 Mei 2026 09:01,456,Atomy Promo Ramadhan 1,1,0,,,0,Admin,
380,MASUK,04 Mei 2026 09:05,458,Atomy HemoHim,2,0,,,0,Admin,
381,MASUK,04 Mei 2026 09:07,460,Atomy Promo Ramadhan 1,2,0,,,0,Admin,
382,MASUK,04 Mei 2026 09:09,462,Atomy HemoHim,4,0,,,0,Admin,
383,MASUK,04 Mei 2026 09:09,463,Atomy Promo Ramadhan 1,2,0,,,0,Admin,
384,MASUK,04 Mei 2026 09:10,461,Atomy Promo Ramadhan 1,1,0,,,0,Admin,
385,MASUK,04 Mei 2026 09:11,464,Atomy Paket Lebaran A (Health Care),1,0,,,0,Admin,
386,MASUK,04 Mei 2026 09:13,466,Atomy HemoHim 4 Sets,1,0,,,0,Admin,
387,MASUK,04 Mei 2026 09:13,467,Atomy Promo Ramadhan 1,2,0,,,0,Admin,
388,MASUK,04 Mei 2026 09:15,469,Atomy HemoHim 4 Sets,1,0,,,0,Oktavia,
389,MASUK,04 Mei 2026 09:15,469,Atomy HemoHim 4 Sets,1,0,,,0,Oktavia,
390,MASUK,04 Mei 2026 09:15,470,Atomy Promo Ramadhan 1,2,0,,,0,Admin,
391,MASUK,04 Mei 2026 09:17,471,Atomy Promo Ramadhan 1,1,0,,,0,Oktavia,
392,MASUK,04 Mei 2026 09:17,472,Atomy Promo Ramadhan 1,2,0,,,0,Admin,
393,MASUK,04 Mei 2026 09:21,475,Atomy HemoHim,4,0,,,0,Admin,
394,MASUK,04 Mei 2026 09:22,477,Atomy Promo Ramadhan 1,1,0,,,0,Admin,
395,MASUK,04 Mei 2026 09:23,478,Atomy HemoHim,4,0,,,0,Admin,
396,MASUK,04 Mei 2026 09:24,481,Atomy HemoHim,4,0,,,0,Admin,
397,MASUK,04 Mei 2026 09:26,482,Atomy Promo Ramadhan 1,1,0,,,0,Admin,
398,MASUK,04 Mei 2026 09:29,483,Atomy Promo Ramadhan 2,1,0,,,0,Admin,
399,MASUK,04 Mei 2026 09:29,483,Atomy Sunscreen White,2,0,,,0,Admin,
400,MASUK,04 Mei 2026 09:29,483,Atomy Sunscreen Beige,2,0,,,0,Admin,
401,MASUK,04 Mei 2026 09:29,483,Atomy Healthy Glow Base,1,0,,,0,Admin,
402,MASUK,04 Mei 2026 09:31,484,Atomy Promo Ramadhan 2,1,0,,,0,Admin,
403,MASUK,04 Mei 2026 09:31,484,Atomy Propolis Toothpaste 50g,1,0,,,0,Admin,
404,MASUK,04 Mei 2026 09:31,485,Atomy HemoHim,4,0,,,0,Admin,
405,MASUK,04 Mei 2026 09:33,487,Atomy HemoHim,4,0,,,0,Admin,
406,MASUK,04 Mei 2026 09:33,487,Atomy HemoHim,4,0,,,0,Admin,
407,MASUK,04 Mei 2026 09:36,489,Atomy Promo Ramadhan 1,1,0,,,0,Admin,
408,MASUK,04 Mei 2026 09:36,486,Atomy Paket Berkah Ramadan C,1,0,,,0,Admin,
409,MASUK,04 Mei 2026 09:36,486,Atomy Color Food Vitamin C,2,0,,,0,Admin,
410,MASUK,04 Mei 2026 09:36,486,Atomy Finezyme,2,0,,,0,Admin,
411,MASUK,04 Mei 2026 09:37,490,Atomy HemoHim,4,0,,,0,Admin,
412,MASUK,04 Mei 2026 09:38,492,Atomy Promo Ramadhan 1,1,0,,,0,Admin,
413,MASUK,04 Mei 2026 09:39,491,Atomy Promo Ramadhan 1,1,0,,,0,Admin,
414,MASUK,04 Mei 2026 09:40,493,Atomy Paket Lebaran A (Health Care),1,0,,,0,Admin,
415,MASUK,04 Mei 2026 09:41,494,Atomy Promo Ramadhan 1,1,0,,,0,Admin,
416,MASUK,04 Mei 2026 09:41,495,Atomy Promo Ramadhan 1,1,0,,,0,Admin,
417,MASUK,04 Mei 2026 09:44,496,Atomy Promo Ramadhan 2,1,0,,,0,Admin,
418,MASUK,04 Mei 2026 09:44,496,Atomy Propolis Toothpaste 50g,2,0,,,0,Admin,
419,MASUK,04 Mei 2026 09:46,498,Atomy HemoHim,4,0,,,0,Admin,
420,MASUK,04 Mei 2026 09:46,499,Atomy Promo Ramadhan 1,1,0,,,0,Admin,
421,MASUK,04 Mei 2026 09:48,500,Atomy HemoHim,4,0,,,0,Admin,
422,MASUK,04 Mei 2026 09:48,501,Atomy Promo Ramadhan 1,1,0,,,0,Admin,
423,MASUK,04 Mei 2026 09:53,504,Atomy Promo Ramadhan 1,1,0,,,0,Admin,
424,MASUK,04 Mei 2026 09:54,503,Atomy HemoHim 4 Sets,1,0,,,0,Admin,
425,MASUK,04 Mei 2026 09:55,505,Atomy HemoHim,4,0,,,0,Admin,
426,MASUK,04 Mei 2026 09:57,508,Atomy HemoHim,4,0,,,0,Admin,
427,MASUK,04 Mei 2026 09:58,510,Atomy HemoHim,4,0,,,0,Admin,
428,MASUK,04 Mei 2026 09:59,504,Atomy Paket Berkah Ramadan C,1,0,,,0,Admin,
429,MASUK,04 Mei 2026 09:59,504,Atomy Finezyme,2,0,,,0,Admin,
430,MASUK,04 Mei 2026 09:59,504,Atomy Color Food Vitamin C,2,0,,,0,Admin,
431,MASUK,04 Mei 2026 10:00,511,Atomy HemoHim,4,0,,,0,Admin,
432,MASUK,04 Mei 2026 10:01,512,Atomy HemoHim 4 Sets,1,0,,,0,Admin,
433,MASUK,04 Mei 2026 10:12,513,Atomy Paket Lebaran A (Health Care),1,0,,,0,Admin,
434,MASUK,04 Mei 2026 10:13,514,Atomy Promo Ramadhan 1,1,0,,,0,Admin,
435,MASUK,04 Mei 2026 10:16,515,Atomy HemoHim 4 Sets,1,0,,,0,Admin,
436,MASUK,05 Mei 2026 08:42,516,Atomy HemoHim,4,0,,,0,Admin,
437,MASUK,05 Mei 2026 08:44,517,Atomy HemoHim,4,0,,,0,Admin,
438,MASUK,05 Mei 2026 08:46,518,Atomy HemoHim,4,0,,,0,Admin,
439,MASUK,05 Mei 2026 08:50,519,Atomy HemoHim,4,0,,,0,Admin,
440,MASUK,05 Mei 2026 08:51,520,Atomy HemoHim 4 Sets,1,0,,,0,Admin,
441,MASUK,05 Mei 2026 08:51,521,Atomy HemoHim,4,0,,,0,Admin,
442,MASUK,05 Mei 2026 09:00,523,Atomy HemoHim 4 Sets,1,0,,,0,Admin,
443,MASUK,05 Mei 2026 09:00,524,Atomy HemoHim,4,0,,,0,Admin,
444,MASUK,05 Mei 2026 09:03,525,Atomy HemoHim,4,0,,,0,Admin,
445,MASUK,05 Mei 2026 09:11,531,Atomy HemoHim,4,0,,,0,Admin,
446,MASUK,05 Mei 2026 09:14,530,Atomy HemoHim 4 Sets,1,0,,,0,Admin,
447,MASUK,05 Mei 2026 09:15,532,Atomy Paket Berkah Ramadan A,1,0,,,0,Admin,
448,MASUK,05 Mei 2026 09:19,533,Atomy Hongsamdan Red Ginseng,2,0,,,0,Admin,
449,MASUK,05 Mei 2026 09:19,533,Atomy HemoHim,1,0,,,0,Admin,
450,MASUK,05 Mei 2026 09:19,533,Atomy Evening Care 4 Set,2,0,,,0,Admin,
451,MASUK,05 Mei 2026 09:19,533,Atomy Finezyme,2,0,,,0,Admin,
452,MASUK,05 Mei 2026 09:19,533,Atomy Evening Care Foam Cleanser,1,0,,,0,Admin,
453,MASUK,05 Mei 2026 09:23,534,Atomy HemoHim 4 Sets,1,0,,,0,Admin,
454,MASUK,05 Mei 2026 09:28,535,Atomy HemoHim 4 Sets,1,0,,,0,Admin,
455,MASUK,05 Mei 2026 09:29,536,Atomy HemoHim,4,0,,,0,Admin,
456,MASUK,05 Mei 2026 09:30,537,Atomy HemoHim,4,0,,,0,Admin,
457,MASUK,05 Mei 2026 09:32,540,Atomy HemoHim,4,0,,,0,Admin,
458,MASUK,05 Mei 2026 09:33,541,Atomy HemoHim,4,0,,,0,Admin,
459,MASUK,05 Mei 2026 09:33,538,Atomy HemoHim 4 Sets,1,0,,,0,Admin,
460,MASUK,05 Mei 2026 09:35,542,Atomy HemoHim,4,0,,,0,Admin,
461,MASUK,05 Mei 2026 09:37,543,Atomy HemoHim,4,0,,,0,Admin,
462,MASUK,05 Mei 2026 09:38,544,Atomy HemoHim 4 Sets,1,0,,,0,Admin,
463,MASUK,05 Mei 2026 09:40,546,Atomy HemoHim,4,0,,,0,Admin,
464,MASUK,05 Mei 2026 09:40,546,Atomy HemoHim,4,0,,,0,Admin,
465,MASUK,05 Mei 2026 09:40,547,Atomy HemoHim 4 Sets,1,0,,,0,Admin,
466,MASUK,05 Mei 2026 09:42,548,Atomy HemoHim,4,0,,,0,Admin,
467,MASUK,05 Mei 2026 09:47,551,Atomy HemoHim,4,0,,,0,Admin,
468,MASUK,05 Mei 2026 09:49,552,Atomy Promo Ramadhan 1,1,0,,,0,Admin,
469,MASUK,05 Mei 2026 09:50,553,Atomy HemoHim,4,0,,,0,Admin,
470,MASUK,05 Mei 2026 09:52,554,Atomy HemoHim,4,0,,,0,Admin,
471,MASUK,05 Mei 2026 09:55,556,Atomy Promo Ramadhan 1,1,0,,,0,Admin,
472,MASUK,05 Mei 2026 09:56,557,Atomy Promo Ramadhan 1,1,0,,,0,Admin,
473,MASUK,20 Mei 2026 09:06,566,Atomy HemoHim 4 Sets,1,0,,,0,Admin,
474,MASUK,20 Mei 2026 09:07,567,Atomy HemoHim 4 Sets,1,0,,,0,Admin,
475,MASUK,20 Mei 2026 09:08,568,Atomy HemoHim 4 Sets,1,0,,,0,Admin,
476,MASUK,20 Mei 2026 09:09,569,Atomy HemoHim 4 Sets,1,0,,,0,Admin,
477,MASUK,20 Mei 2026 09:11,570,Atomy HemoHim 4 Sets,1,0,,,0,Admin,
478,MASUK,20 Mei 2026 09:12,572,Atomy HemoHim 4 Sets,1,0,,,0,Admin,
479,MASUK,20 Mei 2026 09:14,573,Atomy HemoHim 4 Sets,1,0,,,0,Admin,
480,MASUK,20 Mei 2026 09:19,577,Atomy Psyllium Husk,1,0,,,0,Admin,
481,MASUK,20 Mei 2026 09:23,578,Atomy Propolis Toothpaste 50g,1,0,,,0,Admin,
482,MASUK,20 Mei 2026 09:23,578,Atomy Propolis Toothpaste 50g,1,0,,,0,Admin,
483,MASUK,20 Mei 2026 09:24,580,Atomy Psyllium Husk,1,0,,,0,Admin,
484,MASUK,20 Mei 2026 09:26,581,Atomy Hydra Brightening Care Set,1,0,,,0,Admin,
485,MASUK,20 Mei 2026 09:26,582,Atomy Psyllium Husk,2,0,,,0,Admin,
486,MASUK,20 Mei 2026 09:26,582,Atomy Toothbrush,2,0,,,0,Admin,
487,MASUK,20 Mei 2026 09:27,583,Atomy Absolute CellActive Ampoule,2,0,,,0,Admin,
488,MASUK,20 Mei 2026 09:28,584,Atomy Absolute CellActive Skincare Set,2,0,,,0,Admin,
489,MASUK,20 Mei 2026 09:31,585,Atomy Absolute CellActive Skincare Set,2,0,,,0,Admin,
490,MASUK,20 Mei 2026 09:31,585,Atomy Propolis Toothpaste 50g,1,0,,,0,Admin,
491,MASUK,20 Mei 2026 09:32,585,Atomy Propolis Toothpaste 50g,1,0,,,0,Admin,
492,MASUK,20 Mei 2026 09:32,585,Atomy Pu'er Tea,1,0,,,0,Admin,
493,MASUK,20 Mei 2026 09:33,586,Atomy Pu'er Tea,1,0,,,0,Admin,
494,MASUK,20 Mei 2026 09:36,589,Atomy HemoHim,2,0,,,0,Admin,
495,MASUK,20 Mei 2026 09:36,587,Atomy Propolis Toothpaste 50g,1,0,,,0,Admin,
496,MASUK,20 Mei 2026 09:37,588,Atomy Psyllium Husk,2,0,,,0,Admin,
496,MASUK,20 Mei 2026 09:37,588,Atomy Psyllium Husk,2,0,,,0,Admin,
497,MASUK,20 Mei 2026 09:37,588,Atomy Psyllium Husk,2,0,,,0,Admin,
498,MASUK,20 Mei 2026 09:39,591,Atomy Ethereal Oil Patch,5,0,,,0,Admin,
499,MASUK,20 Mei 2026 09:39,592,Atomy HemoHim 4 Sets,1,0,,,0,Admin,
500,MASUK,20 Mei 2026 09:45,592,Atomy Ethereal Oil Patch,5,0,,,0,Admin,
501,MASUK,20 Mei 2026 09:48,594,Atomy Ethereal Oil Patch,5,0,,,0,Admin,
502,MASUK,20 Mei 2026 09:48,594,Atomy Ethereal Oil Patch,5,0,,,0,Admin,
503,MASUK,20 Mei 2026 09:48,595,Atomy HemoHim Set 4,1,0,,,0,Admin,
504,PENJUALAN,27 Mei 2026 11:11,584,Atomy Absolute CellActive Skincare Set,1,0,johnson,AMI ANTIKA SARI,0,Admin,
505,MASUK,28 Mei 2026 11:36,596,Atomy Paket Berkah Ramadan A,1,0,,,0,Admin,
506,MASUK,30 Mei 2026 09:17,301,Atomy Promo Ramadhan 2,1,0,,,0,Admin,
507,MASUK,30 Mei 2026 09:17,301,Atomy Propolis Toothpaste 50g,2,0,,,0,Admin,
508,MASUK,30 Mei 2026 09:19,601,Atomy Paket Berkah Ramadan A,1,0,,,0,Admin,
509,MASUK,30 Mei 2026 09:21,602,Atomy Paket Berkah Ramadan A,1,0,,,0,Admin,
510,MASUK,30 Mei 2026 09:21,602,Atomy Psyllium Husk,1,0,,,0,Admin,
511,MASUK,30 Mei 2026 09:22,600,Atomy Herbal Hair Conditioner,2,0,,,0,Admin,
512,MASUK,30 Mei 2026 09:22,600,Atomy Saengmodan Hair Tonic,2,0,,,0,Admin,
513,MASUK,30 Mei 2026 09:22,600,Atomy Herbal Hair Shampoo,2,0,,,0,Admin,
514,MASUK,30 Mei 2026 09:22,600,Atomy Finezyme,2,0,,,0,Admin,
515,MASUK,30 Mei 2026 09:22,600,Atomy Color Food Vitamin C,2,0,,,0,Admin,
516,MASUK,30 Mei 2026 09:22,600,Atomy Hair Essential Oil,2,0,,,0,Admin,
517,MASUK,30 Mei 2026 09:26,605,Atomy Paket Berkah Ramadan A,1,0,,,0,Admin,
518,MASUK,30 Mei 2026 09:26,604,Atomy Paket Lebaran A (Health Care),1,0,,,0,Admin,
519,MASUK,30 Mei 2026 09:27,607,Atomy Paket Berkah Ramadan A,1,0,,,0,Admin,
520,MASUK,30 Mei 2026 09:29,604,Atomy Ethereal Oil Patch,4,0,,,0,Admin,
521,MASUK,30 Mei 2026 09:34,609,Atomy Promo Ramadhan 1,1,0,,,0,Admin,
522,MASUK,30 Mei 2026 09:36,610,Atomy Paket Berkah Ramadan A,1,0,,,0,Admin,
523,MASUK,30 Mei 2026 09:38,611,Atomy Promo Ramadhan 1,1,0,,,0,Admin,
524,MASUK,30 Mei 2026 09:39,610,Atomy Paket Berkah Ramadan A,1,0,,,0,Admin,
525,MASUK,30 Mei 2026 09:39,612,Atomy Paket Berkah Ramadan A,1,0,,,0,Admin,
526,MASUK,30 Mei 2026 09:40,613,Atomy Paket Berkah Ramadan A,1,0,,,0,Admin,
527,MASUK,30 Mei 2026 09:41,614,Atomy Promo Ramadhan 1,1,0,,,0,Admin,
528,MASUK,30 Mei 2026 09:42,615,Atomy Paket Berkah Ramadan A,1,0,,,0,Admin,
529,MASUK,30 Mei 2026 09:42,616,Atomy Promo Ramadhan 1,1,0,,,0,Admin,
530,MASUK,30 Mei 2026 09:44,617,Atomy Promo Ramadhan 1,1,0,,,0,Admin,
531,MASUK,30 Mei 2026 09:45,618,Atomy Paket Berkah Ramadan A,1,0,,,0,Admin,
532,MASUK,30 Mei 2026 09:46,619,Atomy Absolute CellActive Ampoule,1,0,,,0,Admin,
533,MASUK,30 Mei 2026 09:46,619,Atomy Absolute CellActive Skincare Set,1,0,,,0,Admin,